n_procs	time_first	time_second
0	0.000002	0.000002
1	0.000001	0.000000
2	0.000003	0.000002
3	0.000018	0.000013
4	0.000026	0.000017
