n_procs	time_first	time_second
0	0.000002	0.000002
1	0.000001	0.000000
2	0.000003	0.000002
3	0.000018	0.000013
4	0.000026	0.000017
n_procs	time_first	time_second
0	0.000090	0.000135
1	0.000133	0.000003
2	0.000027	0.000146
3	0.000118	0.000163
4	0.000247	0.000265
n_procs	time_first	time_second
0	0.000025	0.000137
1	0.000126	0.000001
2	0.000029	0.000196
3	0.000108	0.000242
4	0.000352	0.000274
