map,n_procs,maxtime,maxtime,jacobimin,jacobimax
core,4,0.188593720000E-01,0.188591360000E-01,0.175579510000E-01,0.175735120000E-01,424.192279573,
core,8,0.992699000000E-02,0.992522700000E-02,0.883898600000E-02,0.886268500000E-02,805.883757312,
core,12,0.674688800000E-02,0.673965300000E-02,0.584642500000E-02,0.596836300000E-02,1185.73185148,
