map	n_procs	maxtime	maxtime	jacobimin	jacobimax
core	0	map	n_procs	maxtime	maxtime	jacobimin	jacobimax
core	4	  0.188745890000E-01   0.188744670000E-01   0.175593450000E-01   0.175761860000E-01    423.850288873    
