map	n_procs	maxtime	maxtime	jacobimin	jacobimax
core	4	0.189038520000E-01	0.189028610000E-01	0.175759100000E-01	0.176219460000E-01	423.194172278
