Matrix,Topology,Time taken,
40x20x20,8x1x1,0.000306,
40x20x20,4x2x1,0.000305,
40x20x20,2x2x2,0.000305,
